suite,label,rep,workers,worker_processes,submitters,connections,job_type,payload,priorities,max_attempts,jobs,group_commit,max_outstanding,submitted,completed,rejected,succeeded,failed,wall_s,throughput_per_s,submit_rate_per_s,store_batches,store_writes,rows_per_transaction,e2e_mean_ms,e2e_p50_ms,e2e_p95_ms,e2e_p99_ms,queue_p50_ms,queue_p95_ms,exec_p50_ms,exec_p95_ms,submit_call_p50_ms,submit_call_p99_ms,error_rate,cpu_seconds,cores_used,peak_rss_mb,ctx_switches,raw_csv
worker_scaling,noop_w1,1,1,,4,,noop,{},,,20000,,,20000,20000,0,20000,0,0.3551,56328.7,56364.2,9906,80000,8.08,0.2,0.154,0.51,0.805,0,1,0.001,0.006,0.065,0.18,,0.726,2.04,19.0,107545,results/raw/worker_scaling_noop_w1_r1.csv
worker_scaling,noop_w1,2,1,,4,,noop,{},,,20000,,,20000,20000,0,20000,0,0.3256,61416.2,61416.2,9904,80000,8.08,0.159,0.135,0.32,0.431,0,1,0.001,0.006,0.062,0.133,,0.660,2.03,18.6,106412,results/raw/worker_scaling_noop_w1_r2.csv
worker_scaling,noop_w1,3,1,,4,,noop,{},,,20000,,,20000,20000,0,20000,0,0.3264,61277.7,61277.7,9907,80000,8.08,0.146,0.128,0.287,0.388,0,1,0.001,0.006,0.062,0.133,,0.667,2.04,18.5,105633,results/raw/worker_scaling_noop_w1_r3.csv
worker_scaling,noop_w2,1,2,,4,,noop,{},,,20000,,,20000,20000,0,20000,0,0.3435,58227.6,58312.4,9996,80000,8.00,0.325,0.235,0.822,1.17,0,1,0.002,0.008,0.064,0.156,,0.772,2.25,18.4,125063,results/raw/worker_scaling_noop_w2_r1.csv
worker_scaling,noop_w2,2,2,,4,,noop,{},,,20000,,,20000,20000,0,20000,0,0.3563,56136.6,56138.6,9954,80000,8.04,0.356,0.265,0.927,1.208,0,1,0.002,0.008,0.065,0.194,,0.783,2.20,18.9,124990,results/raw/worker_scaling_noop_w2_r2.csv
worker_scaling,noop_w2,3,2,,4,,noop,{},,,20000,,,20000,20000,0,20000,0,0.3454,57895.5,58355.3,10081,80000,7.94,0.738,0.375,3.267,3.424,0,3,0.002,0.008,0.064,0.15,,0.768,2.22,18.9,126232,results/raw/worker_scaling_noop_w2_r3.csv
worker_scaling,noop_w4,1,4,,4,,noop,{},,,20000,,,20000,20000,0,20000,0,0.3785,52847.1,58335.1,11734,80000,6.82,19.547,17.648,37.58,38.317,18,38,0.003,0.087,0.063,0.163,,0.950,2.51,18.9,147670,results/raw/worker_scaling_noop_w4_r1.csv
worker_scaling,noop_w4,2,4,,4,,noop,{},,,20000,,,20000,20000,0,20000,0,0.3611,55387.5,58336.1,10857,80000,7.37,4.601,1.817,19.026,19.652,2,19,0.003,0.081,0.063,0.163,,0.925,2.56,18.9,146731,results/raw/worker_scaling_noop_w4_r2.csv
worker_scaling,noop_w4,3,4,,4,,noop,{},,,20000,,,20000,20000,0,20000,0,0.3721,53746.5,58813.3,11463,80000,6.98,13.561,8.553,33.523,34.385,8,33,0.003,0.082,0.062,0.157,,0.929,2.50,19.5,147041,results/raw/worker_scaling_noop_w4_r3.csv
worker_scaling,noop_w8,1,8,,4,,noop,{},,,20000,,,20000,20000,0,20000,0,0.3931,50875.6,58822.8,12595,80000,6.35,27.994,26.421,53.269,53.786,26,53,0.003,0.221,0.063,0.154,,0.991,2.52,19.1,149707,results/raw/worker_scaling_noop_w8_r1.csv
worker_scaling,noop_w8,2,8,,4,,noop,{},,,20000,,,20000,20000,0,20000,0,0.3923,50984.8,57886.8,12703,80000,6.30,23.685,20.863,48.714,49.73,21,49,0.003,0.206,0.063,0.169,,0.992,2.53,19.5,149676,results/raw/worker_scaling_noop_w8_r2.csv
worker_scaling,noop_w8,3,8,,4,,noop,{},,,20000,,,20000,20000,0,20000,0,0.3982,50230.8,57307.7,12465,80000,6.42,25.675,24.761,50.252,50.64,25,50,0.003,0.187,0.063,0.188,,0.984,2.47,19.5,149621,results/raw/worker_scaling_noop_w8_r3.csv
worker_scaling,sleep5ms_w1,1,1,,4,,sleep,"{""ms"":5}",,,4000,,,4000,4000,0,4000,0,24.6629,162.2,153757.4,9923,16000,1.61,12335.103,12337.526,23403.313,24389.557,12331,23398,6.278,6.314,0.023,0.059,,1.070,0.04,6.6,29754,results/raw/worker_scaling_sleep5ms_w1_r1.csv
worker_scaling,sleep5ms_w1,2,1,,4,,sleep,"{""ms"":5}",,,4000,,,4000,4000,0,4000,0,24.5803,162.7,156298.8,9946,16000,1.61,12281.448,12291.148,23330.884,24310.342,12284,23325,6.277,6.304,0.024,0.056,,0.941,0.04,7.8,27762,results/raw/worker_scaling_sleep5ms_w1_r2.csv
worker_scaling,sleep5ms_w1,3,1,,4,,sleep,"{""ms"":5}",,,4000,,,4000,4000,0,4000,0,24.5872,162.7,170510.3,9953,16000,1.61,12284.356,12263.625,23340.441,24317.377,12257,23334,6.277,6.302,0.022,0.049,,0.936,0.04,8.0,27376,results/raw/worker_scaling_sleep5ms_w1_r3.csv
worker_scaling,sleep5ms_w2,1,2,,4,,sleep,"{""ms"":5}",,,4000,,,4000,4000,0,4000,0,12.2420,326.7,173347.8,9499,16000,1.68,6119.765,6116.175,11611.658,12097.74,6110,11606,6.274,6.301,0.022,0.049,,0.739,0.06,7.7,24555,results/raw/worker_scaling_sleep5ms_w2_r1.csv
worker_scaling,sleep5ms_w2,2,2,,4,,sleep,"{""ms"":5}",,,4000,,,4000,4000,0,4000,0,12.2584,326.3,172778.7,9313,16000,1.72,6113.729,6103.263,11621.152,12109.957,6098,11615,6.273,6.303,0.022,0.048,,0.755,0.06,7.8,25367,results/raw/worker_scaling_sleep5ms_w2_r2.csv
worker_scaling,sleep5ms_w2,3,2,,4,,sleep,"{""ms"":5}",,,4000,,,4000,4000,0,4000,0,12.2412,326.8,167462.1,9504,16000,1.68,6113.244,6117.188,11610.012,12094.563,6111,11604,6.274,6.3,0.022,0.052,,0.733,0.06,7.8,24282,results/raw/worker_scaling_sleep5ms_w2_r3.csv
worker_scaling,sleep5ms_w4,1,4,,4,,sleep,"{""ms"":5}",,,4000,,,4000,4000,0,4000,0,6.1116,654.5,161923.7,8846,16000,1.81,3047.111,3046.075,5780.93,6025.152,3041,5775,6.271,6.302,0.023,0.053,,0.664,0.11,7.8,23552,results/raw/worker_scaling_sleep5ms_w4_r1.csv
worker_scaling,sleep5ms_w4,2,4,,4,,sleep,"{""ms"":5}",,,4000,,,4000,4000,0,4000,0,6.1422,651.2,162423.4,8843,16000,1.81,3057.089,3050.894,5811.35,6056.591,3046,5805,6.27,6.307,0.023,0.051,,0.643,0.10,8.0,24471,results/raw/worker_scaling_sleep5ms_w4_r2.csv
worker_scaling,sleep5ms_w4,3,4,,4,,sleep,"{""ms"":5}",,,4000,,,4000,4000,0,4000,0,6.1103,654.6,140622.3,8890,16000,1.80,3039.936,3039.843,5778.329,6019.492,3034,5772,6.269,6.301,0.025,0.076,,0.674,0.11,7.9,23838,results/raw/worker_scaling_sleep5ms_w4_r3.csv
worker_scaling,sleep5ms_w8,1,8,,4,,sleep,"{""ms"":5}",,,4000,,,4000,4000,0,4000,0,3.0691,1303.3,162436.5,7906,16000,2.02,1520.698,1516.895,2893.793,3014.16,1511,2889,6.247,6.331,0.022,0.061,,0.581,0.19,7.8,26805,results/raw/worker_scaling_sleep5ms_w8_r1.csv
worker_scaling,sleep5ms_w8,2,8,,4,,sleep,"{""ms"":5}",,,4000,,,4000,4000,0,4000,0,3.0589,1307.6,169076.0,7903,16000,2.02,1518.519,1518.063,2883.297,3006.466,1512,2878,6.242,6.325,0.022,0.053,,0.553,0.18,7.9,25710,results/raw/worker_scaling_sleep5ms_w8_r2.csv
worker_scaling,sleep5ms_w8,3,8,,4,,sleep,"{""ms"":5}",,,4000,,,4000,4000,0,4000,0,3.0643,1305.3,170794.2,7794,16000,2.05,1526.664,1527.899,2888.455,3010.391,1522,2882,6.257,6.318,0.021,0.053,,0.528,0.17,8.0,25604,results/raw/worker_scaling_sleep5ms_w8_r3.csv
worker_scaling,cpu_hash200k_w1,1,1,,4,,cpu_hash,"{""iterations"":200000}",,,4000,,,4000,4000,0,4000,0,0.7743,5165.8,140227.9,6187,16000,2.59,375.934,377.413,709.215,738.351,377,709,0.185,0.214,0.025,0.068,,0.898,1.16,8.0,13529,results/raw/worker_scaling_cpu_hash200k_w1_r1.csv
worker_scaling,cpu_hash200k_w1,2,1,,4,,cpu_hash,"{""iterations"":200000}",,,4000,,,4000,4000,0,4000,0,0.7688,5203.2,152992.9,6029,16000,2.65,373.786,373.911,705.923,735.43,373,706,0.183,0.21,0.024,0.056,,0.885,1.15,8.1,13420,results/raw/worker_scaling_cpu_hash200k_w1_r2.csv
worker_scaling,cpu_hash200k_w1,3,1,,4,,cpu_hash,"{""iterations"":200000}",,,4000,,,4000,4000,0,4000,0,0.7843,5100.1,149555.1,6072,16000,2.64,380.473,377.267,721.148,750.349,377,721,0.185,0.217,0.025,0.057,,0.899,1.15,8.1,13416,results/raw/worker_scaling_cpu_hash200k_w1_r3.csv
worker_scaling,cpu_hash200k_w2,1,2,,4,,cpu_hash,"{""iterations"":200000}",,,4000,,,4000,4000,0,4000,0,0.4250,9412.6,125121.2,6053,16000,2.64,198.399,199.026,373.778,389.106,199,373,0.21,0.221,0.029,0.074,,0.978,2.30,7.9,13816,results/raw/worker_scaling_cpu_hash200k_w2_r1.csv
worker_scaling,cpu_hash200k_w2,2,2,,4,,cpu_hash,"{""iterations"":200000}",,,4000,,,4000,4000,0,4000,0,0.4282,9340.6,104023.1,5981,16000,2.68,193.864,192.048,369.751,385.851,192,370,0.21,0.222,0.035,0.091,,0.994,2.32,8.0,14000,results/raw/worker_scaling_cpu_hash200k_w2_r2.csv
worker_scaling,cpu_hash200k_w2,3,2,,4,,cpu_hash,"{""iterations"":200000}",,,4000,,,4000,4000,0,4000,0,0.4241,9431.0,115563.5,6095,16000,2.63,196.466,197.664,370.444,385.959,198,370,0.207,0.221,0.031,0.09,,0.978,2.31,8.0,14372,results/raw/worker_scaling_cpu_hash200k_w2_r3.csv
worker_scaling,cpu_hash200k_w4,1,4,,4,,cpu_hash,"{""iterations"":200000}",,,4000,,,4000,4000,0,4000,0,0.2277,17566.5,71958.0,5671,16000,2.82,90.533,92.341,164.138,170.406,92,164,0.207,0.26,0.048,0.161,,1.060,4.65,8.0,15643,results/raw/worker_scaling_cpu_hash200k_w4_r1.csv
worker_scaling,cpu_hash200k_w4,2,4,,4,,cpu_hash,"{""iterations"":200000}",,,4000,,,4000,4000,0,4000,0,0.2291,17463.1,73868.9,5734,16000,2.79,89.31,90.223,166.074,173.308,90,166,0.207,0.281,0.047,0.149,,1.063,4.64,8.1,15579,results/raw/worker_scaling_cpu_hash200k_w4_r2.csv
worker_scaling,cpu_hash200k_w4,3,4,,4,,cpu_hash,"{""iterations"":200000}",,,4000,,,4000,4000,0,4000,0,0.2272,17607.0,71315.2,5665,16000,2.82,88.453,89.705,162.987,169.428,89,163,0.207,0.261,0.049,0.152,,1.062,4.67,8.0,15925,results/raw/worker_scaling_cpu_hash200k_w4_r3.csv
worker_scaling,cpu_hash200k_w8,1,8,,4,,cpu_hash,"{""iterations"":200000}",,,4000,,,4000,4000,0,4000,0,0.1813,22065.4,46906.5,4468,16000,3.58,52.22,54.995,91.995,95.488,55,92,0.292,0.503,0.077,0.23,,1.192,6.58,7.9,24424,results/raw/worker_scaling_cpu_hash200k_w8_r1.csv
worker_scaling,cpu_hash200k_w8,2,8,,4,,cpu_hash,"{""iterations"":200000}",,,4000,,,4000,4000,0,4000,0,0.1786,22401.7,45541.0,4244,16000,3.77,48.753,52.092,87.201,90.184,52,87,0.289,0.497,0.079,0.238,,1.191,6.67,8.0,24464,results/raw/worker_scaling_cpu_hash200k_w8_r2.csv
worker_scaling,cpu_hash200k_w8,3,8,,4,,cpu_hash,"{""iterations"":200000}",,,4000,,,4000,4000,0,4000,0,0.1767,22640.7,46338.7,4259,16000,3.76,47.464,50.428,86.619,90.132,50,86,0.289,0.487,0.077,0.247,,1.186,6.71,8.2,23862,results/raw/worker_scaling_cpu_hash200k_w8_r3.csv
job_duration,0ms_noop,1,4,,4,,noop,{},,,20000,,,20000,20000,0,20000,0,0.3644,54883.5,58450.8,11026,80000,7.26,6.632,3.188,22.418,22.9,3,22,0.003,0.075,0.064,0.152,,0.900,2.47,18.7,148048,results/raw/duration_0ms_noop_r1.csv
job_duration,0ms_noop,2,4,,4,,noop,{},,,20000,,,20000,20000,0,20000,0,0.3733,53571.2,58794.8,11548,80000,6.93,16.745,15.442,33.973,34.55,15,34,0.003,0.072,0.062,0.156,,0.930,2.49,19.1,148847,results/raw/duration_0ms_noop_r2.csv
job_duration,0ms_noop,3,4,,4,,noop,{},,,20000,,,20000,20000,0,20000,0,0.3777,52946.5,57898.5,11548,80000,6.93,16.319,16.778,33.041,33.935,17,33,0.003,0.076,0.063,0.16,,0.949,2.51,18.9,148747,results/raw/duration_0ms_noop_r3.csv
job_duration,1ms,1,4,,4,,sleep,"{""ms"":1}",,,8000,,,8000,8000,0,8000,0,2.6148,3059.5,157641.7,16002,32000,2.00,1278.308,1275.405,2436.344,2538.641,1274,2435,1.271,1.313,0.023,0.062,,1.041,0.40,11.4,49627,results/raw/duration_1ms_r1.csv
job_duration,1ms,2,4,,4,,sleep,"{""ms"":1}",,,8000,,,8000,8000,0,8000,0,2.6243,3048.4,143797.0,15884,32000,2.01,1286.987,1291.355,2442.441,2543.207,1290,2441,1.268,1.317,0.024,0.092,,0.947,0.36,11.3,50597,results/raw/duration_1ms_r2.csv
job_duration,1ms,3,4,,4,,sleep,"{""ms"":1}",,,8000,,,8000,8000,0,8000,0,2.6126,3062.1,159410.2,16214,32000,1.97,1280.947,1283.639,2433.933,2536.823,1282,2433,1.27,1.309,0.023,0.059,,1.053,0.40,11.3,49488,results/raw/duration_1ms_r3.csv
job_duration,5ms,1,4,,4,,sleep,"{""ms"":5}",,,4000,,,4000,4000,0,4000,0,6.1276,652.8,158159.0,8813,16000,1.82,3050.846,3041.058,5800.142,6041.296,3035,5793,6.27,6.304,0.023,0.054,,0.653,0.11,7.9,23685,results/raw/duration_5ms_r1.csv
job_duration,5ms,2,4,,4,,sleep,"{""ms"":5}",,,4000,,,4000,4000,0,4000,0,6.1265,652.9,157424.5,8771,16000,1.82,3051.063,3044.47,5798.252,6039.824,3038,5792,6.269,6.302,0.023,0.06,,0.656,0.11,7.8,24769,results/raw/duration_5ms_r2.csv
job_duration,5ms,3,4,,4,,sleep,"{""ms"":5}",,,4000,,,4000,4000,0,4000,0,6.1097,654.7,164663.3,8907,16000,1.80,3044.114,3043.771,5781.836,6024.59,3037,5776,6.271,6.301,0.023,0.047,,0.669,0.11,7.8,24171,results/raw/duration_5ms_r3.csv
job_duration,20ms,1,4,,4,,sleep,"{""ms"":20}",,,2000,,,2000,2000,0,2000,0,10.2648,194.8,159235.7,4799,8000,1.67,5128.69,5130.072,9741.689,10150.174,5110,9721,20.282,21.363,0.023,0.048,,0.532,0.05,5.9,19731,results/raw/duration_20ms_r1.csv
job_duration,20ms,2,4,,4,,sleep,"{""ms"":20}",,,2000,,,2000,2000,0,2000,0,10.2509,195.1,161186.3,4753,8000,1.68,5124.999,5124.199,9728.291,10136.529,5103,9708,20.255,21.361,0.023,0.049,,0.461,0.04,5.4,18387,results/raw/duration_20ms_r2.csv
job_duration,20ms,3,4,,4,,sleep,"{""ms"":20}",,,2000,,,2000,2000,0,2000,0,10.2492,195.1,155014.7,4837,8000,1.65,5122.369,5120.396,9725.175,10132.251,5099,9705,20.264,21.366,0.024,0.051,,0.458,0.04,5.9,18019,results/raw/duration_20ms_r3.csv
job_duration,cpu_50k,1,4,,4,,cpu_hash,"{""iterations"":50000}",,,8000,,,8000,8000,0,8000,0,0.2149,37229.0,61497.8,8655,32000,3.70,47.33,52.472,79.738,83.863,52,80,0.073,0.136,0.06,0.155,,0.868,4.04,11.1,51043,results/raw/duration_cpu_50k_r1.csv
job_duration,cpu_50k,2,4,,4,,cpu_hash,"{""iterations"":50000}",,,8000,,,8000,8000,0,8000,0,0.2113,37864.1,63637.5,8541,32000,3.75,48.396,51.787,82.893,85.259,52,83,0.072,0.131,0.058,0.145,,0.851,4.03,11.3,51373,results/raw/duration_cpu_50k_r2.csv
job_duration,cpu_50k,3,4,,4,,cpu_hash,"{""iterations"":50000}",,,8000,,,8000,8000,0,8000,0,0.2311,34610.2,54245.4,8792,32000,3.64,51.744,60.489,80.813,83.225,60,81,0.072,0.137,0.057,0.16,,0.854,3.69,11.8,50098,results/raw/duration_cpu_50k_r3.csv
job_duration,cpu_1m,1,4,,4,,cpu_hash,"{""iterations"":1000000}",,,2000,,,2000,2000,0,2000,0,0.5210,3838.5,84580.9,2991,8000,2.67,250.037,250.052,473.051,492.644,249,472,1.021,1.051,0.042,0.1,,2.190,4.20,6.0,7423,results/raw/duration_cpu_1m_r1.csv
job_duration,cpu_1m,2,4,,4,,cpu_hash,"{""iterations"":1000000}",,,2000,,,2000,2000,0,2000,0,0.5209,3839.2,85576.1,3019,8000,2.65,249.953,249.967,473.158,492.766,249,472,1.021,1.057,0.042,0.099,,2.189,4.20,6.1,7618,results/raw/duration_cpu_1m_r2.csv
job_duration,cpu_1m,3,4,,4,,cpu_hash,"{""iterations"":1000000}",,,2000,,,2000,2000,0,2000,0,0.5206,3842.0,83825.8,3025,8000,2.64,249.519,249.587,471.98,491.782,249,471,1.021,1.05,0.042,0.103,,2.189,4.21,6.0,7461,results/raw/duration_cpu_1m_r3.csv
priority,0:100,1,2,,4,,sleep,"{""ms"":1}",0:100,,4000,,,4000,4000,0,4000,0,2.6065,1534.6,185787.3,8868,16000,1.80,1290.822,1290.602,2455.538,2559.264,1289,2454,1.272,1.293,0.02,0.044,,0.540,0.21,7.7,22650,results/raw/priority_0_100_r1.csv
priority,0:100,2,2,,4,,sleep,"{""ms"":1}",0:100,,4000,,,4000,4000,0,4000,0,2.6148,1529.7,163192.0,8506,16000,1.88,1299.765,1305.897,2460.855,2564.448,1305,2459,1.272,1.296,0.023,0.053,,0.522,0.20,7.7,23037,results/raw/priority_0_100_r2.csv
priority,0:100,3,2,,4,,sleep,"{""ms"":1}",0:100,,4000,,,4000,4000,0,4000,0,2.6030,1536.7,160571.6,8873,16000,1.80,1289.458,1290.144,2449.132,2552.357,1289,2448,1.272,1.294,0.023,0.055,,0.533,0.20,7.8,22884,results/raw/priority_0_100_r3.csv
priority,"0:50,9:50",1,2,,4,,sleep,"{""ms"":1}","0:50,9:50",,4000,,,4000,4000,0,4000,0,2.6265,1522.9,164798.9,8674,16000,1.84,1298.76,1281.231,2474.011,2576.895,1280,2473,1.273,1.297,0.022,0.053,,0.551,0.21,7.7,22560,results/raw/priority_0_50_9_50_r1.csv
priority,"0:50,9:50",2,2,,4,,sleep,"{""ms"":1}","0:50,9:50",,4000,,,4000,4000,0,4000,0,2.6079,1533.8,157567.2,8992,16000,1.78,1289.459,1276.645,2453.981,2556.837,1276,2453,1.273,1.293,0.024,0.052,,0.567,0.22,7.8,22678,results/raw/priority_0_50_9_50_r2.csv
priority,"0:50,9:50",3,2,,4,,sleep,"{""ms"":1}","0:50,9:50",,4000,,,4000,4000,0,4000,0,2.6216,1525.8,150926.3,8894,16000,1.80,1291.483,1273.962,2466.631,2569.809,1273,2465,1.273,1.295,0.023,0.065,,0.580,0.22,7.8,23403,results/raw/priority_0_50_9_50_r3.csv
priority,"0:80,5:15,9:5",1,2,,4,,sleep,"{""ms"":1}","0:80,5:15,9:5",,4000,,,4000,4000,0,4000,0,2.6223,1525.4,159337.2,8727,16000,1.83,1295.256,1295.09,2470.072,2571.7,1294,2469,1.273,1.296,0.024,0.054,,0.554,0.21,7.9,22896,results/raw/priority_0_80_5_15_9_5_r1.csv
priority,"0:80,5:15,9:5",2,2,,4,,sleep,"{""ms"":1}","0:80,5:15,9:5",,4000,,,4000,4000,0,4000,0,2.6215,1525.9,167280.0,8805,16000,1.82,1294.209,1293.937,2469.128,2572.155,1293,2468,1.273,1.295,0.022,0.053,,0.559,0.21,7.8,23409,results/raw/priority_0_80_5_15_9_5_r2.csv
priority,"0:80,5:15,9:5",3,2,,4,,sleep,"{""ms"":1}","0:80,5:15,9:5",,4000,,,4000,4000,0,4000,0,2.6132,1530.7,169290.7,8950,16000,1.79,1293.491,1297.804,2461.296,2563.7,1297,2460,1.273,1.296,0.022,0.052,,0.571,0.22,7.7,22427,results/raw/priority_0_80_5_15_9_5_r3.csv
queue_capacity,100,1,4,,8,,noop,,,,20000,,100,625,625,19375,625,0,0.0154,40579.1,45032.1,372,2500,6.72,2.008,2.122,3.158,3.362,2,3,0.006,0.152,0.111,0.234,0.968750,0.079,5.12,4.8,6264,results/raw/capacity_100_r1.csv
queue_capacity,100,2,4,,8,,noop,,,,20000,,100,540,540,19460,540,0,0.0108,49926.0,55785.1,312,2160,6.92,1.703,1.89,2.407,2.571,2,2,0.003,0.107,0.087,0.161,0.973000,0.052,4.79,4.8,5489,results/raw/capacity_100_r2.csv
queue_capacity,100,3,4,,8,,noop,,,,20000,,100,538,538,19462,538,0,0.0110,49038.4,54853.2,311,2152,6.92,1.719,1.853,2.453,2.634,2,3,0.004,0.109,0.094,0.177,0.973100,0.055,4.98,4.7,5483,results/raw/capacity_100_r3.csv
queue_capacity,1000,1,4,,8,,noop,,,,20000,,1000,2680,2680,17320,2680,0,0.0530,50553.6,72603.1,1573,10720,6.82,11.244,11.721,19.216,19.521,12,19,0.003,0.098,0.091,0.208,0.866000,0.160,3.01,6.6,21873,results/raw/capacity_1000_r1.csv
queue_capacity,1000,2,4,,8,,noop,,,,20000,,1000,2988,2988,17012,2988,0,0.0581,51398.5,71360.3,1655,11952,7.22,10.237,10.284,18.126,18.448,10,18,0.003,0.101,0.099,0.204,0.850600,0.180,3.10,6.9,23626,results/raw/capacity_1000_r2.csv
queue_capacity,1000,3,4,,8,,noop,,,,20000,,1000,2759,2759,17241,2759,0,0.0535,51555.6,73549.8,1599,11036,6.90,11.001,10.96,19.089,19.451,11,19,0.003,0.096,0.092,0.193,0.862050,0.163,3.05,6.7,22784,results/raw/capacity_1000_r3.csv
queue_capacity,10000,1,4,,8,,noop,,,,20000,,10000,20000,20000,0,20000,0,0.3918,51045.9,78984.3,11669,80000,6.86,80.257,88.203,133.911,138.018,88,134,0.003,0.07,0.097,0.198,0.000000,1.006,2.57,20.7,151116,results/raw/capacity_10000_r1.csv
queue_capacity,10000,2,4,,8,,noop,,,,20000,,10000,20000,20000,0,20000,0,0.3959,50517.7,80709.6,12171,80000,6.57,84.535,94.457,143.626,147.089,94,144,0.003,0.07,0.094,0.2,0.000000,1.016,2.57,20.9,150779,results/raw/capacity_10000_r2.csv
queue_capacity,10000,3,4,,8,,noop,,,,20000,,10000,20000,20000,0,20000,0,0.3940,50760.5,82675.0,12340,80000,6.48,87.553,97.062,148.028,151.296,97,148,0.003,0.069,0.092,0.188,0.000000,0.999,2.54,20.7,150450,results/raw/capacity_10000_r3.csv
queue_capacity,200000,1,4,,8,,noop,,,,20000,,200000,20000,20000,0,20000,0,0.3868,51710.9,80828.7,9740,80000,8.21,78.443,85.81,135.134,138.858,86,135,0.003,0.073,0.094,0.189,0.000000,0.970,2.51,24.8,144344,results/raw/capacity_200000_r1.csv
queue_capacity,200000,2,4,,8,,noop,,,,20000,,200000,20000,20000,0,20000,0,0.3875,51614.9,80887.5,11761,80000,6.80,78.488,84.571,135.071,139.278,85,135,0.003,0.079,0.094,0.19,0.000000,0.997,2.57,20.5,150800,results/raw/capacity_200000_r2.csv
queue_capacity,200000,3,4,,8,,noop,,,,20000,,200000,20000,20000,0,20000,0,0.3866,51735.5,83327.1,12098,80000,6.61,84.401,92.239,142.848,145.988,92,143,0.003,0.064,0.091,0.182,0.000000,0.995,2.57,20.9,151076,results/raw/capacity_200000_r3.csv
failure_heavy,fail0pct,1,4,,4,,flaky,"{""fail_probability_pct"":0}",,3,4000,,,4000,4000,0,4000,0,0.0737,54272.6,56270.7,2095,16000,7.64,1.666,1.782,3.066,3.234,2,3,0.003,0.075,0.067,0.154,,0.189,2.57,7.3,29925,results/raw/failure_fail0pct_r1.csv
failure_heavy,fail0pct,2,4,,4,,flaky,"{""fail_probability_pct"":0}",,3,4000,,,4000,4000,0,4000,0,0.0752,53212.7,53860.4,2008,16000,7.97,0.611,0.564,1.26,1.439,0,1,0.004,0.073,0.07,0.161,,0.204,2.72,7.4,30405,results/raw/failure_fail0pct_r2.csv
failure_heavy,fail0pct,3,4,,4,,flaky,"{""fail_probability_pct"":0}",,3,4000,,,4000,4000,0,4000,0,0.0749,53406.0,58010.5,2270,16000,7.05,3.437,3.356,6.047,6.237,3,6,0.004,0.073,0.064,0.161,,0.194,2.59,7.4,30810,results/raw/failure_fail0pct_r3.csv
failure_heavy,fail30pct,1,4,,4,,flaky,"{""fail_probability_pct"":30}",,3,4000,,,4000,4000,0,3882,118,0.3771,10607.9,55707.2,3503,20710,5.91,50.495,3.27,302.508,305.041,1,5,0.004,0.068,0.067,0.154,,0.291,0.77,8.0,37918,results/raw/failure_fail30pct_r1.csv
failure_heavy,fail30pct,2,4,,4,,flaky,"{""fail_probability_pct"":30}",,3,4000,,,4000,4000,0,3906,94,0.3805,10511.2,55117.7,3732,20674,5.54,50.425,4.512,301.971,307.603,1,8,0.003,0.067,0.068,0.158,,0.288,0.76,7.8,37164,results/raw/failure_fail30pct_r2.csv
failure_heavy,fail30pct,3,4,,4,,flaky,"{""fail_probability_pct"":30}",,3,4000,,,4000,4000,0,3900,100,0.3792,10549.9,55450.0,3510,20605,5.87,49.223,2.745,302.231,305.615,1,6,0.004,0.083,0.068,0.147,,0.277,0.73,7.8,37352,results/raw/failure_fail30pct_r3.csv
failure_heavy,fail70pct,1,4,,4,,flaky,"{""fail_probability_pct"":70}",,3,4000,,,4000,4000,0,2636,1364,0.3805,10512.7,51311.0,5999,30043,5.01,167.684,102.566,303.421,304.376,1,2,0.004,0.06,0.073,0.161,,0.392,1.03,8.5,52443,results/raw/failure_fail70pct_r1.csv
failure_heavy,fail70pct,2,4,,4,,flaky,"{""fail_probability_pct"":70}",,3,4000,,,4000,4000,0,2613,1387,0.3796,10537.1,53376.0,6193,30430,4.91,173.314,104.692,307.5,307.941,1,6,0.004,0.052,0.07,0.17,,0.393,1.03,8.8,53700,results/raw/failure_fail70pct_r2.csv
failure_heavy,fail70pct,3,4,,4,,flaky,"{""fail_probability_pct"":70}",,3,4000,,,4000,4000,0,2621,1379,0.3771,10607.2,53626.5,6081,30289,4.98,170.627,103.94,305.575,306.203,1,4,0.004,0.035,0.07,0.167,,0.382,1.01,8.7,52409,results/raw/failure_fail70pct_r3.csv
group_commit,false_w1,1,1,,4,,noop,,,,20000,false,,20000,20000,0,20000,0,0.3365,59440.3,123718.7,0,0,0.00,150.207,158.721,174.172,174.753,159,174,0.004,0.008,0.006,0.317,,0.400,1.19,20.9,27899,results/raw/groupcommit_false_w1_r1.csv
group_commit,false_w1,2,1,,4,,noop,,,,20000,false,,20000,20000,0,20000,0,0.3337,59934.6,129254.9,0,0,0.00,155.342,163.766,177.231,178.737,164,177,0.004,0.007,0.006,0.331,,0.394,1.18,20.8,26832,results/raw/groupcommit_false_w1_r2.csv
group_commit,false_w1,3,1,,4,,noop,,,,20000,false,,20000,20000,0,20000,0,0.3372,59303.2,124961.7,0,0,0.00,157.119,165.948,177.171,177.434,166,177,0.004,0.008,0.006,0.334,,0.404,1.20,20.9,28020,results/raw/groupcommit_false_w1_r3.csv
group_commit,false_w4,1,4,,4,,noop,,,,20000,false,,20000,20000,0,20000,0,0.4936,40519.9,109714.7,0,0,0.00,214.294,224.66,303.338,309.718,225,303,0.007,0.038,0.006,0.387,,0.681,1.38,20.6,89349,results/raw/groupcommit_false_w4_r1.csv
group_commit,false_w4,2,4,,4,,noop,,,,20000,false,,20000,20000,0,20000,0,0.4889,40907.1,112680.5,0,0,0.00,216.87,224.553,303.102,309.58,224,303,0.007,0.031,0.006,0.398,,0.675,1.38,20.8,88705,results/raw/groupcommit_false_w4_r2.csv
group_commit,false_w4,3,4,,4,,noop,,,,20000,false,,20000,20000,0,20000,0,0.4895,40859.5,108446.9,0,0,0.00,212.177,221.464,297.351,304.022,221,297,0.007,0.038,0.006,0.407,,0.676,1.38,20.7,89614,results/raw/groupcommit_false_w4_r3.csv
group_commit,false_w8,1,8,,4,,noop,,,,20000,false,,20000,20000,0,20000,0,0.4888,40914.2,108488.1,0,0,0.00,214.58,225.747,298.21,303.643,226,298,0.007,0.034,0.006,0.419,,0.678,1.39,20.7,90652,results/raw/groupcommit_false_w8_r1.csv
group_commit,false_w8,2,8,,4,,noop,,,,20000,false,,20000,20000,0,20000,0,0.4802,41649.0,131091.7,0,0,0.00,223.358,228.014,319.404,326.208,228,319,0.007,0.015,0.005,0.379,,0.659,1.37,20.7,86647,results/raw/groupcommit_false_w8_r2.csv
group_commit,false_w8,3,8,,4,,noop,,,,20000,false,,20000,20000,0,20000,0,0.4858,41171.6,113100.4,0,0,0.00,217.464,226.279,301.812,307.558,226,302,0.007,0.032,0.005,0.395,,0.675,1.39,20.7,89500,results/raw/groupcommit_false_w8_r3.csv
group_commit,true_w1,1,1,,4,,noop,,,,20000,true,,20000,20000,0,20000,0,0.3186,62771.7,62797.7,9813,80000,8.15,0.125,0.112,0.232,0.384,0,1,0.001,0.005,0.061,0.122,,0.644,2.02,18.5,105160,results/raw/groupcommit_true_w1_r1.csv
group_commit,true_w1,2,1,,4,,noop,,,,20000,true,,20000,20000,0,20000,0,0.3198,62531.3,62575.7,9798,80000,8.16,0.127,0.113,0.234,0.361,0,1,0.001,0.005,0.062,0.126,,0.649,2.03,18.6,104996,results/raw/groupcommit_true_w1_r2.csv
group_commit,true_w1,3,1,,4,,noop,,,,20000,true,,20000,20000,0,20000,0,0.3176,62969.1,62975.9,9857,80000,8.12,0.129,0.115,0.249,0.324,0,1,0.001,0.005,0.061,0.124,,0.645,2.03,18.8,106356,results/raw/groupcommit_true_w1_r3.csv
group_commit,true_w4,1,4,,4,,noop,,,,20000,true,,20000,20000,0,20000,0,0.3798,52664.4,59080.2,12087,80000,6.62,20.477,18.157,41.683,42.297,18,42,0.003,0.08,0.062,0.15,,0.949,2.50,18.9,151249,results/raw/groupcommit_true_w4_r1.csv
group_commit,true_w4,2,4,,4,,noop,,,,20000,true,,20000,20000,0,20000,0,0.3752,53309.7,59232.9,11879,80000,6.73,17.354,15.201,38.435,39.708,15,38,0.003,0.075,0.062,0.158,,0.945,2.52,19.0,149544,results/raw/groupcommit_true_w4_r2.csv
group_commit,true_w4,3,4,,4,,noop,,,,20000,true,,20000,20000,0,20000,0,0.3753,53286.0,53746.8,10167,80000,7.87,12.099,8.698,30.965,36.511,9,31,0.003,0.069,0.062,0.155,,0.915,2.44,24.1,141129,results/raw/groupcommit_true_w4_r3.csv
group_commit,true_w8,1,8,,4,,noop,,,,20000,true,,20000,20000,0,20000,0,0.3884,51487.3,59150.6,12513,80000,6.39,26.57,26.328,50.573,50.959,26,51,0.004,0.189,0.063,0.152,,0.979,2.52,19.0,151347,results/raw/groupcommit_true_w8_r1.csv
group_commit,true_w8,2,8,,4,,noop,,,,20000,true,,20000,20000,0,20000,0,0.3862,51780.9,59259.8,12493,80000,6.40,23.241,19.993,49.411,49.836,20,49,0.004,0.184,0.062,0.154,,0.975,2.52,19.0,151641,results/raw/groupcommit_true_w8_r2.csv
group_commit,true_w8,3,8,,4,,noop,,,,20000,true,,20000,20000,0,20000,0,0.3830,52212.6,59462.4,12437,80000,6.43,24.574,24.488,48.073,48.629,24,48,0.004,0.191,0.063,0.15,,0.974,2.54,19.1,151745,results/raw/groupcommit_true_w8_r3.csv
latency,noop_100ps,1,4,,4,,noop,{},,,600,,,600,600,0,600,0,5.9934,100.1,100.1,1223,2400,1.96,2.673,3.072,4.197,4.24,0,1,0.009,0.012,0.088,0.171,,0.159,0.03,4.4,3324,results/raw/latency_noop_r100_rep1.csv
latency,noop_100ps,2,4,,4,,noop,{},,,600,,,600,600,0,600,0,5.9901,100.2,100.2,1217,2400,1.97,2.785,3.529,4.183,4.23,0,0,0.009,0.012,0.083,0.155,,0.168,0.03,4.3,3429,results/raw/latency_noop_r100_rep2.csv
latency,noop_100ps,3,4,,4,,noop,{},,,600,,,600,600,0,600,0,5.9927,100.1,100.1,1212,2400,1.98,2.601,2.833,4.192,4.24,0,1,0.009,0.012,0.082,0.183,,0.166,0.03,4.3,3423,results/raw/latency_noop_r100_rep3.csv
latency,noop_500ps,1,4,,4,,noop,{},,,2500,,,2500,2500,0,2500,0,4.9987,500.1,500.1,5011,10000,2.00,0.559,0.68,0.86,0.884,0,1,0.007,0.009,0.062,0.117,,0.585,0.12,5.9,13651,results/raw/latency_noop_r500_rep1.csv
latency,noop_500ps,2,4,,4,,noop,{},,,2500,,,2500,2500,0,2500,0,4.9987,500.1,500.1,5012,10000,2.00,0.581,0.669,0.864,0.908,0,0,0.007,0.009,0.06,0.129,,0.586,0.12,5.8,14287,results/raw/latency_noop_r500_rep2.csv
latency,noop_500ps,3,4,,4,,noop,{},,,2500,,,2500,2500,0,2500,0,4.9987,500.1,500.1,5016,10000,1.99,0.569,0.68,0.858,0.884,0,0,0.007,0.009,0.062,0.108,,0.576,0.12,5.9,13583,results/raw/latency_noop_r500_rep3.csv
latency,noop_1000ps,1,4,,4,,noop,{},,,5000,,,5000,5000,0,5000,0,4.9991,1000.2,1000.2,10013,20000,2.00,0.095,0.09,0.118,0.151,0,0,0.007,0.009,0.055,0.104,,2.097,0.42,7.7,33010,results/raw/latency_noop_r1000_rep1.csv
latency,noop_1000ps,2,4,,4,,noop,{},,,5000,,,5000,5000,0,5000,0,4.9992,1000.2,1000.2,9971,20000,2.01,0.124,0.09,0.12,0.166,0,0,0.007,0.008,0.055,0.104,,2.123,0.42,7.9,32578,results/raw/latency_noop_r1000_rep2.csv
latency,noop_1000ps,3,4,,4,,noop,{},,,5000,,,5000,5000,0,5000,0,4.9991,1000.2,1000.2,10006,20000,2.00,0.083,0.088,0.119,0.142,0,0,0.007,0.008,0.055,0.099,,2.153,0.43,7.7,32377,results/raw/latency_noop_r1000_rep3.csv
latency,noop_2000ps,1,4,,4,,noop,{},,,10000,,,10000,10000,0,10000,0,4.9995,2000.2,2000.2,20011,40000,2.00,0.032,0.019,0.027,0.056,0,0,0.001,0.002,0.014,0.029,,19.276,3.86,11.2,355715,results/raw/latency_noop_r2000_rep1.csv
latency,noop_2000ps,2,4,,4,,noop,{},,,10000,,,10000,10000,0,10000,0,4.9995,2000.2,2000.2,20049,40000,2.00,0.028,0.019,0.03,0.059,0,0,0.002,0.002,0.014,0.031,,19.196,3.84,11.2,357835,results/raw/latency_noop_r2000_rep2.csv
latency,noop_2000ps,3,4,,4,,noop,{},,,10000,,,10000,10000,0,10000,0,4.9995,2000.2,2000.2,20017,40000,2.00,0.03,0.02,0.028,0.052,0,0,0.001,0.002,0.014,0.029,,19.267,3.85,11.4,348940,results/raw/latency_noop_r2000_rep3.csv
latency,noop_4000ps,1,4,,4,,noop,{},,,20000,,,20000,20000,0,20000,0,4.9998,4000.2,4000.2,39986,80000,2.00,0.031,0.019,0.028,0.056,0,0,0.001,0.002,0.014,0.027,,18.759,3.75,18.0,600958,results/raw/latency_noop_r4000_rep1.csv
latency,noop_4000ps,2,4,,4,,noop,{},,,20000,,,20000,20000,0,20000,0,4.9998,4000.2,4000.2,39987,80000,2.00,0.042,0.018,0.029,0.096,0,1,0.001,0.002,0.013,0.028,,17.620,3.52,17.8,698621,results/raw/latency_noop_r4000_rep2.csv
latency,noop_4000ps,3,4,,4,,noop,{},,,20000,,,20000,20000,0,20000,0,4.9998,4000.2,4000.2,40083,80000,2.00,0.02,0.019,0.027,0.046,0,0,0.001,0.002,0.014,0.025,,18.508,3.70,18.0,635715,results/raw/latency_noop_r4000_rep3.csv
latency,sleep5ms_100ps,1,4,,4,,sleep,"{""ms"":5}",,,600,,,600,600,0,600,0,6.0027,100.0,100.1,1743,2400,1.38,12.824,13.272,16.687,16.728,0,0,7.521,7.551,0.079,0.167,,0.187,0.03,4.3,4558,results/raw/latency_sleep5ms_r100_rep1.csv
latency,sleep5ms_100ps,2,4,,4,,sleep,"{""ms"":5}",,,600,,,600,600,0,600,0,5.9963,100.1,100.2,1745,2400,1.38,12.619,13.076,16.611,16.728,0,0,7.515,7.55,0.07,0.198,,0.170,0.03,4.4,4544,results/raw/latency_sleep5ms_r100_rep2.csv
latency,sleep5ms_100ps,3,4,,4,,sleep,"{""ms"":5}",,,600,,,600,600,0,600,0,5.9984,100.0,100.2,1737,2400,1.38,12.765,13.341,16.663,16.729,0,1,7.521,7.55,0.079,0.168,,0.197,0.03,4.4,4533,results/raw/latency_sleep5ms_r100_rep3.csv
latency,sleep5ms_500ps,1,4,,4,,sleep,"{""ms"":5}",,,2500,,,2500,2500,0,2500,0,5.0072,499.3,499.9,6641,10000,1.51,8.182,8.167,9.96,10.193,0,1,7.099,7.544,0.066,0.165,,0.779,0.16,6.0,19397,results/raw/latency_sleep5ms_r500_rep1.csv
latency,sleep5ms_500ps,2,4,,4,,sleep,"{""ms"":5}",,,2500,,,2500,2500,0,2500,0,5.0184,498.2,499.9,6631,10000,1.51,8.29,8.196,9.986,11.252,0,1,7.12,7.543,0.065,0.145,,0.762,0.15,6.0,19151,results/raw/latency_sleep5ms_r500_rep2.csv
latency,sleep5ms_500ps,3,4,,4,,sleep,"{""ms"":5}",,,2500,,,2500,2500,0,2500,0,5.0040,499.6,500.2,6642,10000,1.51,8.19,8.175,9.912,10.185,0,1,7.078,7.544,0.066,0.143,,0.769,0.15,5.9,18976,results/raw/latency_sleep5ms_r500_rep3.csv
latency,sleep5ms_1000ps,1,4,,4,,sleep,"{""ms"":5}",,,5000,,,5000,5000,0,5000,0,8.5841,582.5,1000.1,12482,20000,1.60,1772.485,1752.609,3401.528,3547.885,1745,3394,7.088,7.546,0.058,0.232,,1.800,0.21,8.5,42406,results/raw/latency_sleep5ms_r1000_rep1.csv
latency,sleep5ms_1000ps,2,4,,4,,sleep,"{""ms"":5}",,,5000,,,5000,5000,0,5000,0,8.6560,577.6,1000.2,12553,20000,1.59,1815.89,1798.917,3472.312,3622.34,1792,3466,7.195,7.55,0.07,0.226,,1.857,0.21,8.4,45372,results/raw/latency_sleep5ms_r1000_rep2.csv
latency,sleep5ms_1000ps,3,4,,4,,sleep,"{""ms"":5}",,,5000,,,5000,5000,0,5000,0,8.6141,580.4,1000.1,12610,20000,1.59,1777.98,1754.325,3427.982,3578.047,1747,3420,7.127,7.545,0.063,0.185,,1.916,0.22,8.5,41749,results/raw/latency_sleep5ms_r1000_rep3.csv
latency,sleep5ms_2000ps,1,4,,4,,sleep,"{""ms"":5}",,,10000,,,10000,10000,0,10000,0,17.5362,570.3,2000.2,26148,40000,1.53,6293.126,6304.942,11910.435,12410.002,6298,11905,7.501,7.546,0.014,0.041,,20.432,1.17,12.9,325631,results/raw/latency_sleep5ms_r2000_rep1.csv
latency,sleep5ms_2000ps,2,4,,4,,sleep,"{""ms"":5}",,,10000,,,10000,10000,0,10000,0,17.5702,569.1,2000.2,26098,40000,1.53,6320.903,6335.031,11947.358,12447.253,6327,11939,7.495,7.547,0.014,0.037,,20.488,1.17,13.0,315000,results/raw/latency_sleep5ms_r2000_rep2.csv
latency,sleep5ms_2000ps,3,4,,4,,sleep,"{""ms"":5}",,,10000,,,10000,10000,0,10000,0,17.5035,571.3,2000.2,26094,40000,1.53,6284.923,6309.353,11875.706,12374.595,6302,11870,7.481,7.547,0.014,0.039,,20.418,1.17,12.7,325471,results/raw/latency_sleep5ms_r2000_rep3.csv
latency,sleep5ms_4000ps,1,4,,4,,sleep,"{""ms"":5}",,,20000,,,20000,20000,0,20000,0,34.9739,571.9,4000.2,52969,80000,1.51,15040.545,15059.64,28463.227,29676.667,15053,28457,7.468,7.548,0.014,0.032,,21.566,0.62,22.3,513129,results/raw/latency_sleep5ms_r4000_rep1.csv
latency,sleep5ms_4000ps,2,4,,4,,sleep,"{""ms"":5}",,,20000,,,20000,20000,0,20000,0,34.9998,571.4,4000.2,52381,80000,1.53,15065.119,15082.86,28497.022,29702.65,15075,28489,7.468,7.549,0.014,0.033,,21.516,0.61,22.4,536916,results/raw/latency_sleep5ms_r4000_rep2.csv
latency,sleep5ms_4000ps,3,4,,4,,sleep,"{""ms"":5}",,,20000,,,20000,20000,0,20000,0,34.9330,572.5,4000.2,52594,80000,1.52,15011.444,15037.685,28447.578,29636.687,15032,28441,7.465,7.548,0.014,0.032,,21.587,0.62,22.2,531459,results/raw/latency_sleep5ms_r4000_rep3.csv
workflow,chain4_w1,1,1,,,,sleep,"{""ms"":5}",,,1600,,,400,400,,,0,11.2574,35.53,,,,,9837.043,9830.543,11108.215,11219.954,,,,,,,,0.442,0.04,6.2,8987,results/raw/workflow_chain4_w1_r1.csv
workflow,chain4_w1,2,1,,,,sleep,"{""ms"":5}",,,1600,,,400,400,,,0,11.2780,35.47,,,,,9850.767,9844.936,11128.646,11239.368,,,,,,,,0.437,0.04,6.2,9093,results/raw/workflow_chain4_w1_r2.csv
workflow,chain4_w1,3,1,,,,sleep,"{""ms"":5}",,,1600,,,400,400,,,0,11.4003,35.09,,,,,9965.618,9960.893,11244.996,11359.053,,,,,,,,0.525,0.05,6.2,10054,results/raw/workflow_chain4_w1_r3.csv
workflow,chain4_w4,1,4,,,,sleep,"{""ms"":5}",,,1600,,,400,400,,,0,2.8330,141.19,,,,,2473.705,2472.297,2789.377,2817.503,,,,,,,,0.387,0.14,6.4,10026,results/raw/workflow_chain4_w4_r1.csv
workflow,chain4_w4,2,4,,,,sleep,"{""ms"":5}",,,1600,,,400,400,,,0,2.8052,142.59,,,,,2455.904,2456.441,2763.869,2787.775,,,,,,,,0.366,0.13,6.4,10123,results/raw/workflow_chain4_w4_r2.csv
workflow,chain4_w4,3,4,,,,sleep,"{""ms"":5}",,,1600,,,400,400,,,0,2.8242,141.63,,,,,2467.001,2466.814,2780.260,2809.094,,,,,,,,0.354,0.13,6.4,10162,results/raw/workflow_chain4_w4_r3.csv
workflow,chain4_w8,1,8,,,,sleep,"{""ms"":5}",,,1600,,,400,400,,,0,1.4120,283.29,,,,,1229.006,1232.264,1386.450,1401.278,,,,,,,,0.346,0.25,6.6,11524,results/raw/workflow_chain4_w8_r1.csv
workflow,chain4_w8,2,8,,,,sleep,"{""ms"":5}",,,1600,,,400,400,,,0,1.4039,284.92,,,,,1220.216,1221.193,1375.280,1387.927,,,,,,,,0.360,0.26,6.5,11329,results/raw/workflow_chain4_w8_r2.csv
workflow,chain4_w8,3,8,,,,sleep,"{""ms"":5}",,,1600,,,400,400,,,0,1.4132,283.04,,,,,1234.692,1237.240,1387.057,1401.157,,,,,,,,0.335,0.24,6.6,11169,results/raw/workflow_chain4_w8_r3.csv
workflow,fanout6_w1,1,1,,,,sleep,"{""ms"":5}",,,2400,,,400,400,,,0,16.9277,23.63,,,,,9895.843,9905.992,16199.305,16769.181,,,,,,,,0.626,0.04,7.4,13806,results/raw/workflow_fanout6_w1_r1.csv
workflow,fanout6_w1,2,1,,,,sleep,"{""ms"":5}",,,2400,,,400,400,,,0,16.9135,23.65,,,,,9899.136,9893.713,16194.330,16762.752,,,,,,,,0.624,0.04,7.4,13611,results/raw/workflow_fanout6_w1_r2.csv
workflow,fanout6_w1,3,1,,,,sleep,"{""ms"":5}",,,2400,,,400,400,,,0,16.8527,23.74,,,,,9850.257,9834.802,16135.620,16697.197,,,,,,,,0.637,0.04,7.5,14013,results/raw/workflow_fanout6_w1_r3.csv
workflow,fanout6_w4,1,4,,,,sleep,"{""ms"":5}",,,2400,,,400,400,,,0,4.2188,94.81,,,,,2465.106,2469.066,4028.607,4168.528,,,,,,,,0.521,0.12,7.6,14655,results/raw/workflow_fanout6_w4_r1.csv
workflow,fanout6_w4,2,4,,,,sleep,"{""ms"":5}",,,2400,,,400,400,,,0,4.1982,95.28,,,,,2456.359,2471.628,4011.075,4155.731,,,,,,,,0.495,0.12,7.6,14653,results/raw/workflow_fanout6_w4_r2.csv
workflow,fanout6_w4,3,4,,,,sleep,"{""ms"":5}",,,2400,,,400,400,,,0,4.2251,94.67,,,,,2476.609,2489.051,4036.265,4177.328,,,,,,,,0.523,0.12,7.6,14671,results/raw/workflow_fanout6_w4_r3.csv
workflow,fanout6_w8,1,8,,,,sleep,"{""ms"":5}",,,2400,,,400,400,,,0,2.1018,190.31,,,,,1229.155,1233.647,1999.010,2069.006,,,,,,,,0.450,0.21,8.0,16682,results/raw/workflow_fanout6_w8_r1.csv
workflow,fanout6_w8,2,8,,,,sleep,"{""ms"":5}",,,2400,,,400,400,,,0,2.1185,188.81,,,,,1240.387,1242.136,2018.603,2092.288,,,,,,,,0.518,0.24,7.9,17071,results/raw/workflow_fanout6_w8_r2.csv
workflow,fanout6_w8,3,8,,,,sleep,"{""ms"":5}",,,2400,,,400,400,,,0,2.1208,188.61,,,,,1240.017,1241.035,2023.834,2087.408,,,,,,,,0.511,0.24,7.9,16630,results/raw/workflow_fanout6_w8_r3.csv
workflow,diamond6_w1,1,1,,,,sleep,"{""ms"":5}",,,2400,,,400,400,,,0,16.9173,23.64,,,,,15513.354,15524.361,16766.728,16873.258,,,,,,,,0.618,0.04,7.8,13626,results/raw/workflow_diamond6_w1_r1.csv
workflow,diamond6_w1,2,1,,,,sleep,"{""ms"":5}",,,2400,,,400,400,,,0,16.9079,23.66,,,,,15473.546,15481.664,16753.002,16864.675,,,,,,,,0.623,0.04,7.9,13616,results/raw/workflow_diamond6_w1_r2.csv
workflow,diamond6_w1,3,1,,,,sleep,"{""ms"":5}",,,2400,,,400,400,,,0,16.8442,23.75,,,,,15412.581,15427.170,16689.574,16799.794,,,,,,,,0.613,0.04,7.9,13641,results/raw/workflow_diamond6_w1_r3.csv
workflow,diamond6_w4,1,4,,,,sleep,"{""ms"":5}",,,2400,,,400,400,,,0,4.2339,94.48,,,,,3856.173,3867.638,4183.858,4210.251,,,,,,,,0.581,0.14,8.1,18134,results/raw/workflow_diamond6_w4_r1.csv
workflow,diamond6_w4,2,4,,,,sleep,"{""ms"":5}",,,2400,,,400,400,,,0,4.2147,94.91,,,,,3844.209,3858.977,4163.657,4192.078,,,,,,,,0.524,0.12,8.1,18360,results/raw/workflow_diamond6_w4_r2.csv
workflow,diamond6_w4,3,4,,,,sleep,"{""ms"":5}",,,2400,,,400,400,,,0,4.2631,93.83,,,,,3888.334,3901.345,4215.457,4241.962,,,,,,,,0.526,0.12,8.2,18503,results/raw/workflow_diamond6_w4_r3.csv
workflow,diamond6_w8,1,8,,,,sleep,"{""ms"":5}",,,2400,,,400,400,,,0,2.0972,190.73,,,,,1902.790,1915.068,2065.611,2077.315,,,,,,,,0.471,0.22,8.2,18529,results/raw/workflow_diamond6_w8_r1.csv
workflow,diamond6_w8,2,8,,,,sleep,"{""ms"":5}",,,2400,,,400,400,,,0,2.1060,189.93,,,,,1910.278,1922.617,2075.869,2088.535,,,,,,,,0.451,0.21,8.2,18073,results/raw/workflow_diamond6_w8_r2.csv
workflow,diamond6_w8,3,8,,,,sleep,"{""ms"":5}",,,2400,,,400,400,,,0,2.0925,191.16,,,,,1895.291,1914.866,2059.949,2073.602,,,,,,,,0.449,0.21,8.2,18263,results/raw/workflow_diamond6_w8_r3.csv
http_api,submit_c1,1,,,,1,submit,,,,,,,8000,8000,,,,0.3183,25130.4,,,,,0.040,0.036,0.056,0.125,,,,,,,0.000000,0.075,0.23,2.8,,results/raw/http_submit_c1_r1.csv
http_api,submit_c1,2,,,,1,submit,,,,,,,8000,8000,,,,0.2905,27535.6,,,,,0.036,0.036,0.040,0.052,,,,,,,0.000000,0.063,0.22,2.6,,results/raw/http_submit_c1_r2.csv
http_api,submit_c1,3,,,,1,submit,,,,,,,8000,8000,,,,0.2941,27201.5,,,,,0.037,0.036,0.041,0.049,,,,,,,0.000000,0.064,0.22,2.6,,results/raw/http_submit_c1_r3.csv
http_api,submit_c8,1,,,,8,submit,,,,,,,8000,8000,,,,0.2247,35596.8,,,,,0.224,0.211,0.355,0.474,,,,,,,0.000000,0.109,0.49,2.8,,results/raw/http_submit_c8_r1.csv
http_api,submit_c8,2,,,,8,submit,,,,,,,8000,8000,,,,0.2490,32133.9,,,,,0.249,0.211,0.360,0.492,,,,,,,0.000000,0.112,0.45,2.8,,results/raw/http_submit_c8_r2.csv
http_api,submit_c8,3,,,,8,submit,,,,,,,8000,8000,,,,0.2211,36178.0,,,,,0.221,0.214,0.352,0.421,,,,,,,0.000000,0.102,0.46,2.8,,results/raw/http_submit_c8_r3.csv
http_api,submit_c32,1,,,,32,submit,,,,,,,8000,8000,,,,0.1481,54029.2,,,,,0.590,0.506,0.860,1.035,,,,,,,0.000000,0.115,0.78,3.8,,results/raw/http_submit_c32_r1.csv
http_api,submit_c32,2,,,,32,submit,,,,,,,8000,8000,,,,0.1394,57390.9,,,,,0.555,0.488,0.762,0.948,,,,,,,0.000000,0.121,0.87,3.8,,results/raw/http_submit_c32_r2.csv
http_api,submit_c32,3,,,,32,submit,,,,,,,8000,8000,,,,0.1534,52137.0,,,,,0.612,0.532,0.875,1.038,,,,,,,0.000000,0.120,0.78,3.9,,results/raw/http_submit_c32_r3.csv
http_api,status_c1,1,,,,1,status,,,,,,,8000,8000,,,,0.1921,41639.1,,,,,0.024,0.024,0.027,0.029,,,,,,,0.000000,0.059,0.31,2.6,,results/raw/http_status_c1_r1.csv
http_api,status_c1,2,,,,1,status,,,,,,,8000,8000,,,,0.1894,42246.0,,,,,0.024,0.023,0.027,0.029,,,,,,,0.000000,0.057,0.30,2.6,,results/raw/http_status_c1_r2.csv
http_api,status_c1,3,,,,1,status,,,,,,,8000,8000,,,,0.1872,42740.1,,,,,0.023,0.023,0.027,0.028,,,,,,,0.000000,0.056,0.30,2.6,,results/raw/http_status_c1_r3.csv
http_api,status_c8,1,,,,8,status,,,,,,,8000,8000,,,,0.0651,122816.2,,,,,0.065,0.062,0.105,0.134,,,,,,,0.000000,0.130,1.99,2.9,,results/raw/http_status_c8_r1.csv
http_api,status_c8,2,,,,8,status,,,,,,,8000,8000,,,,0.0667,119990.4,,,,,0.066,0.064,0.105,0.132,,,,,,,0.000000,0.131,1.97,2.8,,results/raw/http_status_c8_r2.csv
http_api,status_c8,3,,,,8,status,,,,,,,8000,8000,,,,0.0662,120906.2,,,,,0.066,0.063,0.107,0.137,,,,,,,0.000000,0.132,2.00,2.8,,results/raw/http_status_c8_r3.csv
http_api,status_c32,1,,,,32,status,,,,,,,8000,8000,,,,0.0605,132323.3,,,,,0.240,0.189,0.474,0.661,,,,,,,0.000000,0.132,2.19,3.9,,results/raw/http_status_c32_r1.csv
http_api,status_c32,2,,,,32,status,,,,,,,8000,8000,,,,0.0561,142544.1,,,,,0.223,0.165,0.419,0.641,,,,,,,0.000000,0.134,2.38,3.8,,results/raw/http_status_c32_r2.csv
http_api,status_c32,3,,,,32,status,,,,,,,8000,8000,,,,0.0582,137400.4,,,,,0.231,0.180,0.448,0.629,,,,,,,0.000000,0.132,2.26,3.9,,results/raw/http_status_c32_r3.csv
http_api,mixed_c1,1,,,,1,mixed,,,,,,,8000,8000,,,,0.2464,32463.7,,,,,0.031,0.032,0.039,0.044,,,,,,,0.000000,0.062,0.25,2.6,,results/raw/http_mixed_c1_r1.csv
http_api,mixed_c1,2,,,,1,mixed,,,,,,,8000,8000,,,,0.2441,32778.8,,,,,0.030,0.030,0.039,0.043,,,,,,,0.000000,0.061,0.25,2.6,,results/raw/http_mixed_c1_r2.csv
http_api,mixed_c1,3,,,,1,mixed,,,,,,,8000,8000,,,,0.2442,32761.5,,,,,0.030,0.032,0.038,0.044,,,,,,,0.000000,0.061,0.25,2.7,,results/raw/http_mixed_c1_r3.csv
http_api,mixed_c8,1,,,,8,mixed,,,,,,,8000,8000,,,,0.1493,53569.0,,,,,0.149,0.136,0.315,0.383,,,,,,,0.000000,0.103,0.69,3.0,,results/raw/http_mixed_c8_r1.csv
http_api,mixed_c8,2,,,,8,mixed,,,,,,,8000,8000,,,,0.1642,48724.6,,,,,0.164,0.145,0.347,0.428,,,,,,,0.000000,0.120,0.73,2.9,,results/raw/http_mixed_c8_r2.csv
http_api,mixed_c8,3,,,,8,mixed,,,,,,,8000,8000,,,,0.1608,49750.6,,,,,0.161,0.145,0.341,0.418,,,,,,,0.000000,0.116,0.72,2.9,,results/raw/http_mixed_c8_r3.csv
http_api,mixed_c32,1,,,,32,mixed,,,,,,,8000,8000,,,,0.1091,73315.1,,,,,0.435,0.376,0.900,1.278,,,,,,,0.000000,0.127,1.16,3.8,,results/raw/http_mixed_c32_r1.csv
http_api,mixed_c32,2,,,,32,mixed,,,,,,,8000,8000,,,,0.1189,67258.0,,,,,0.474,0.371,1.075,1.311,,,,,,,0.000000,0.125,1.05,3.7,,results/raw/http_mixed_c32_r2.csv
http_api,mixed_c32,3,,,,32,mixed,,,,,,,8000,8000,,,,0.1081,73979.5,,,,,0.431,0.377,0.928,1.225,,,,,,,0.000000,0.124,1.15,3.6,,results/raw/http_mixed_c32_r3.csv
http_api,health_c1,1,,,,1,health,,,,,,,8000,8000,,,,0.1637,48865.4,,,,,0.020,0.020,0.023,0.025,,,,,,,0.000000,0.057,0.35,2.6,,results/raw/http_health_c1_r1.csv
http_api,health_c1,2,,,,1,health,,,,,,,8000,8000,,,,0.1578,50699.3,,,,,0.020,0.020,0.023,0.026,,,,,,,0.000000,0.054,0.34,2.6,,results/raw/http_health_c1_r2.csv
http_api,health_c1,3,,,,1,health,,,,,,,8000,8000,,,,0.1609,49723.7,,,,,0.020,0.020,0.022,0.025,,,,,,,0.000000,0.055,0.34,2.6,,results/raw/http_health_c1_r3.csv
http_api,health_c8,1,,,,8,health,,,,,,,8000,8000,,,,0.0526,152140.4,,,,,0.052,0.050,0.076,0.090,,,,,,,0.000000,0.134,2.55,2.8,,results/raw/http_health_c8_r1.csv
http_api,health_c8,2,,,,8,health,,,,,,,8000,8000,,,,0.0527,151897.8,,,,,0.052,0.051,0.075,0.086,,,,,,,0.000000,0.137,2.60,2.8,,results/raw/http_health_c8_r2.csv
http_api,health_c8,3,,,,8,health,,,,,,,8000,8000,,,,0.0514,155554.3,,,,,0.051,0.049,0.074,0.086,,,,,,,0.000000,0.130,2.53,2.8,,results/raw/http_health_c8_r3.csv
http_api,health_c32,1,,,,32,health,,,,,,,8000,8000,,,,0.0464,172365.5,,,,,0.184,0.179,0.285,0.390,,,,,,,0.000000,0.142,3.07,3.5,,results/raw/http_health_c32_r1.csv
http_api,health_c32,2,,,,32,health,,,,,,,8000,8000,,,,0.0436,183473.6,,,,,0.173,0.164,0.232,0.275,,,,,,,0.000000,0.142,3.26,3.6,,results/raw/http_health_c32_r2.csv
http_api,health_c32,3,,,,32,health,,,,,,,8000,8000,,,,0.0436,183414.7,,,,,0.173,0.163,0.242,0.294,,,,,,,0.000000,0.142,3.25,3.6,,results/raw/http_health_c32_r3.csv
distributed,1proc,1,2,1,,,sleep,"{""ms"":2}",,,3000,,,3000,3000,,3000,0,4.9700,603.6,,,,,,,,,,,,,,,,,,,,
distributed,1proc,2,2,1,,,sleep,"{""ms"":2}",,,3000,,,3000,3000,,3000,0,4.8860,614.0,,,,,,,,,,,,,,,,,,,,
distributed,1proc,3,2,1,,,sleep,"{""ms"":2}",,,3000,,,3000,3000,,3000,0,4.2000,714.3,,,,,,,,,,,,,,,,,,,,
distributed,2proc,1,4,2,,,sleep,"{""ms"":2}",,,3000,,,3000,3000,,3000,0,2.1710,1381.9,,,,,,,,,,,,,,,,,,,,
distributed,2proc,2,4,2,,,sleep,"{""ms"":2}",,,3000,,,3000,3000,,3000,0,2.1770,1378.0,,,,,,,,,,,,,,,,,,,,
distributed,2proc,3,4,2,,,sleep,"{""ms"":2}",,,3000,,,3000,3000,,3000,0,2.2080,1358.7,,,,,,,,,,,,,,,,,,,,
distributed,4proc,1,8,4,,,sleep,"{""ms"":2}",,,3000,,,3000,3000,,3000,0,1.1280,2659.6,,,,,,,,,,,,,,,,,,,,
distributed,4proc,2,8,4,,,sleep,"{""ms"":2}",,,3000,,,3000,3000,,3000,0,1.0920,2747.3,,,,,,,,,,,,,,,,,,,,
distributed,4proc,3,8,4,,,sleep,"{""ms"":2}",,,3000,,,3000,3000,,3000,0,1.1000,2727.3,,,,,,,,,,,,,,,,,,,,
distributed,8proc,1,16,8,,,sleep,"{""ms"":2}",,,3000,,,3000,3000,,3000,0,0.5220,5747.1,,,,,,,,,,,,,,,,,,,,
distributed,8proc,2,16,8,,,sleep,"{""ms"":2}",,,3000,,,3000,3000,,3000,0,0.5840,5137.0,,,,,,,,,,,,,,,,,,,,
distributed,8proc,3,16,8,,,sleep,"{""ms"":2}",,,3000,,,3000,3000,,3000,0,0.5270,5692.6,,,,,,,,,,,,,,,,,,,,
